{
  "id": {
    "providerName": "admin",
    "apiName": "CountriesAPI",
    "version": "1.0.0"
  },
  "uuid": "ab30ff96-8d72-4e44-aeee-373db1e2636b",
  "type": "HTTP",
  "context": "/gateway/1.0.0",
  "contextTemplate": "/gateway/{version}",
  "tags": [],
  "documents": [],
  "lastUpdated": "Sep 26, 2018 10:57:17 AM",
  "availableTiers": [
    {
      "name": "Unlimited",
      "displayName": "Unlimited",
      "description": "Allows unlimited requests",
      "requestsPerMin": 2147483647,
      "requestCount": 2147483647,
      "unitTime": 0,
      "timeUnit": "ms",
      "tierPlan": "FREE",
      "stopOnQuotaReached": true
    }
  ],
  "availableSubscriptionLevelPolicies": [],
  "uriTemplates": [
    {
      "uriTemplate": "/Countries",
      "httpVerb": "GET",
      "authType": "Any",
      "httpVerbs": [
        "GET"
      ],
      "authTypes": [
        "Any"
      ],
      "throttlingConditions": [],
      "throttlingTier": "Unlimited",
      "throttlingTiers": [
        "Unlimited"
      ],
      "mediationScript": "null",
      "scopes": [
        null
      ],
      "mediationScripts": {}
    }
  ],
  "apiHeaderChanged": false,
  "apiResourcePatternsChanged": false,
  "status": "CREATED",
  "visibility": "public",
  "endpointSecured": false,
  "endpointAuthDigest": false,
  "transports": "http,https",
  "advertiseOnly": false,
  "corsConfiguration": {
    "corsConfigurationEnabled": false,
    "accessControlAllowOrigins": [
      "*"
    ],
    "accessControlAllowCredentials": false,
    "accessControlAllowHeaders": [
      "authorization",
      "Access-Control-Allow-Origin",
      "Content-Type",
      "SOAPAction"
    ],
    "accessControlAllowMethods": [
      "GET",
      "PUT",
      "POST",
      "DELETE",
      "PATCH",
      "OPTIONS"
    ]
  },
  "endpointConfig": "{\"production_endpoints\":{\"url\":\"http://localhost:8280/CountryServices\",\"config\":null,\"template_not_supported\":false},\"sandbox_endpoints\":{\"url\":\"http://localhost:8280/CountryServices\",\"config\":null,\"template_not_supported\":false},\"endpoint_type\":\"http\"}",
  "responseCache": "Disabled",
  "cacheTimeout": 300,
  "implementation": "ENDPOINT",
  "scopes": [],
  "isDefaultVersion": false,
  "isPublishedDefaultVersion": false,
  "environments": [
    "Production and Sandbox"
  ],
  "createdTime": "1537955067414",
  "additionalProperties": {},
  "accessControl": "all",
  "rating": 0.0,
  "isLatest": true
}